姓,名,姓（カタカナ）,名（カタカナ）,姓（ローマ字）,名（ローマ字）,性別,電話番号,メールアドレス,生年月日,パスワード
寺沢,浩秋,テラサワ,ヒロアキ,Terasawa,Hiroaki,M,0603341464,hiroaki_terasawa@wncffpk.lin.gc,1976/11/21,21184527
及川,誠一,オイカワ,セイイチ,Oikawa,Seiichi,M,0185404930,seiichioikawa@fbrfu.lo.lhd,1964/02/20,37900627
小村,拓哉,コムラ,タクヤ,Komura,Takuya,M,0865356681,Takuya_Komura@suxs.uh,1973/01/17,22622833
亀山,菊男,カメヤマ,キクオ,Kameyama,Kikuo,M,0259502183,kikuo_kameyama@dozmzejxwf.yysoe.exb,1964/10/31,44127002
小野田,洋一郎,オノダ,ヨウイチロウ,Onoda,Youichirou,M,0768864507,youichirou16331@dexvxtd.emn.cfq,1986/11/24,94924606
寺尾,裕治,テラオ,ユウジ,Terao,Yuuji,M,0567301558,yuuji2137@drzox.iw,1968/02/24,42491871
安川,陽一,ヤスカワ,ヨウイチ,Yasukawa,Youichi,M,0880357362,youichiyasukawa@owcstzfh.bq.fte,1958/07/14,53720411
森島,茉央,モリシマ,マオ,Morishima,Mao,F,0983048948,omorishima@xetvujft.lzt,1975/07/16,38802291
田渕,綾子,タブチ,アヤコ,Tabuchi,Ayako,F,0278397214,ayako40372@vokudo.pgt,1992/10/25,34067314
河内,芳樹,カワウチ,ヨシキ,Kawauchi,Yoshiki,M,0480214020,yoshikikawauchi@ujgyav.wqr,1977/12/29,62978195
田沢,紗英,タザワ,サエ,Tazawa,Sae,F,0959149887,qrvk-eibs=dho-sae678@feuobg.nkr,1968/12/03,06804771
及川,謙多郎,オイカワ,ケンタロウ,Oikawa,Kentarou,M,0883191806,Kentarou_Oikawa@lgtdsd.sfu,1969/08/08,70678886
小畑,一太郎,オバタ,イチタロウ,Obata,Ichitarou,M,0280826643,ichitarou416@maxvrpehz.xjt.qv,1992/03/21,34715196
井口,則明,イグチ,ノリアキ,Iguchi,Noriaki,M,022547424,noriaki4909@wgyham.aj,1965/09/01,99699392
諸星,俊彦,モロボシ,トシヒコ,Moroboshi,Toshihiko,M,0986277728,toshihiko277@bgita.ham,1996/05/29,89023935
亀井,龍也,カメイ,タツヤ,Kamei,Tatsuya,M,0730314633,akamei@nlqvihg.bz.sgy,1978/08/23,96295109
栗林,敏正,クリバヤシ,トシマサ,Kuribayashi,Toshimasa,M,0954393682,toshimasa6154@xorkghfka.znl,1982/05/16,53097837
太田,重樹,オオタ,シゲキ,Oota,Shigeki,M,0734753448,shigeki6093@kdzj.bfjmt.nu,1969/12/06,56648275
井本,重信,イモト,シゲノブ,Imoto,Shigenobu,M,0287507013,shigenobu6230@yxaa.jwh,1963/10/05,69917827
舟木,尚司,フナキ,ショウジ,Funaki,Shouji,M,0982773654,shouji358@pohihpp.ij.tga,1972/08/07,93675812
安川,卓,ヤスカワ,タカシ,Yasukawa,Takashi,M,0852759693,takashi5708@ozjewk.iw.ul,1980/12/25,89725858
畑,若葉,ハタケ,ワカバ,Hatake,Wakaba,F,0983638233,wakaba365@isloo.hnd,1992/08/02,65065030
本田,茂子,ホンダ,シゲコ,Honda,Shigeko,F,0565356998,shigeko_honda@srjebuttxo.wn,1993/02/27,98154192
筒井,藤雄,ツツイ,フジオ,Tsutsui,Fujio,M,0946484006,fujio06286@aqmqtvzp.whk,1982/07/05,57946981
秋田,明憲,アキタ,アキノリ,Akita,Akinori,M,0947295748,akinori4062@hruvoqmiuk.gvsbl.mcy,1997/02/08,48888526
藤原,龍五,フジワラ,リュウゴ,Fujiwara,Ryuugo,M,0186125486,ryuugofujiwara@pxvlcxeaei.xs,1974/11/06,37341433
五十嵐,利佳,イガラシ,リカ,Igarashi,Rika,F,0886551453,aigarashi@uvdno.pp,1994/10/06,61494626
千葉,裕,チバ,ユウ,Chiba,Yuu,M,0872166713,yuuchiba@oqrj.ebc,1985/08/11,25237331
畠中,鈴子,ハタナカ,スズコ,Hatanaka,Suzuko,F,0972257435,Suzuko_Hatanaka@ucno.xml,1967/02/20,88038954
野口,俊文,ノグチ,トシフミ,Noguchi,Toshifumi,M,0553660396,toshifuminoguchi@rooqqikzuk.pzi,1977/07/22,63353758
福元,邦男,フクモト,クニオ,Fukumoto,Kunio,M,0236694109,kunio923@rilvi.yk,1958/03/30,80362613
宇野,真結,ウノ,マユ,Uno,Mayu,F,0271267928,mayuuno@ckzucovu.dq,1997/09/29,49741054
赤塚,海斗,アカツカ,カイト,Akatsuka,Kaito,M,083769530,kaito_akatsuka@qiyvgl.yc,1967/09/26,38307995
菊池,三平,キクチ,サンペイ,Kikuchi,Sampei,M,0241103405,sampei91422@ecof.dd,1978/03/06,58068699
福原,正志,フクハラ,マサシ,Fukuhara,Masashi,M,0776508651,aplcbvwiuekwmasashi640@qfjopwds.mh,1957/11/24,94235358
寺田,秀幸,テラダ,ヒデユキ,Terada,Hideyuki,M,0875105103,hideyuki_terada@ykgtize.iayhc.ets,1961/02/26,35922218
濱田,武雄,ハマダ,タケオ,Hamada,Takeo,M,0854320905,takeo29954@czrjyp.yw,1961/04/29,57470959
星,卓也,ホシ,タクヤ,Hoshi,Takuya,M,0176411136,takuya5647@mpivvyfv.la.lcd,1977/02/17,09729087
武内,裕平,タケウチ,ユウヘイ,Takeuchi,Yuuhei,M,0158298332,itakeuchi@blfmgpmse.mrd,1960/03/04,10417065
亀井,敦司,カメイ,アツシ,Kamei,Atsushi,M,0987739774,atsushi21480@xeyyfuzid.zwzeb.yb,1994/04/20,88832704
高瀬,朋花,タカセ,トモカ,Takase,Tomoka,F,0250401101,lro-zlgejvervtomoka380@ukhdvu.csg,1958/07/03,23133893
青柳,七海,アオヤギ,ナナミ,Aoyagi,Nanami,F,0198946802,nanami8501@ureo.dt,1959/08/30,77840113
伏見,太一,フシミ,タイチ,Fushimi,Taichi,M,0824816562,taichi802@hphxnhhk.zys,1970/03/12,28758301
国分,和島,コクブ,ワジマ,Kokubu,Wajima,M,0469373924,wajima5296@zkbtzo.aak,1966/09/17,00130273
井原,重夫,イハラ,シゲオ,Ihara,Shigeo,M,0194989663,shigeo4896@zeaf.qep.chn,1966/05/24,97457304
朝倉,金作,アサクラ,キンサク,Asakura,Kinsaku,M,0284112998,kinsakuasakura@wwniyxtm.xnb,1974/03/23,38154065
沢村,寛治,サワムラ,カンジ,Sawamura,Kanji,M,0992003215,kanji66678@nwkieue.xw,1964/06/09,96481421
松田,博美,マツダ,ヒロミ,Matsuda,Hiromi,F,0869066275,hiromi0522@tpelgepgkz.owf,1968/05/21,27363129
白井,銀蔵,シライ,ギンゾウ,Shirai,Ginzou,M,0894542485,ginzoushirai@byfonk.sfsa.fp,1980/07/20,07525589
丹羽,杏理,タンバ,アンリ,Tamba,Anri,F,0253077979,anri104@zcjgsnnhsq.jm.qne,1965/04/07,19244179
我妻,敬,アガツマ,タカシ,Agatsuma,Takashi,M,0972331509,takashiagatsuma@drwqaixp.msz,1958/02/07,59168653
田上,里歌,タウエ,リカ,Taue,Rika,F,0848537862,rikataue@wrznrqx.fks,1980/04/14,81081798
田島,久夫,タジマ,ヒサオ,Tajima,Hisao,M,0855188110,otajima@ambodh.cfw,1965/06/01,83093854
小山,重男,オヤマ,シゲオ,Oyama,Shigeo,M,0255650631,Shigeo_Oyama@mvww.gkk,1987/06/27,92353688
三上,麗香,ミカミ,レイカ,Mikami,Reika,F,0232591571,scqqqdktznreika54250@bnccoba.kkj,1978/05/28,24374611
高田,寧音,コウダ,ネネ,Kouda,Nene,F,0740477483,Nene_Kouda@bpioxrdgeo.qjt,1977/12/31,92621893
日野,武裕,ヒノ,タケヒロ,Hino,Takehiro,M,0871070451,takehiro2673@xdim.tt,1962/06/05,21702377
阿部,幸雄,アベ,サチオ,Abe,Sachio,M,0867520781,sachio885@bfludxksvh.hc,1971/08/10,42513402
栗本,有美,クリモト,ユミ,Kurimoto,Yumi,F,0554099768,yumi6753@xzrmtmlm.dew,1994/05/01,81334369
小森,勇夫,コモリ,イサオ,Komori,Isao,M,0280372955,Isao_Komori@fentms.ns,1991/09/01,92046247
坂,椛,バン,モミジ,Ban,Momiji,F,0278586613,momiji198@miwhhdrwc.zw,1992/10/10,52377632
峰,敏仁,ミネ,トシヒト,Mine,Toshihito,M,0309445312,toshihito306@rcbr.pzggy.iw,1973/09/19,98180274
田辺,陽菜,タナベ,ハルナ,Tanabe,Haruna,F,0179591247,harunatanabe@oihqidm.fyp,1972/12/08,23293400
比嘉,義夫,ヒガ,ヨシオ,Higa,Yoshio,M,0978847516,yoshio895@ywoq.jz,1996/08/18,06869253
古田,貞行,フルタ,サダユキ,Furuta,Sadayuki,M,0181027142,sadayuki_furuta@zsmkxkkw.bpjly.it,1962/11/26,82711895
岩谷,喜久男,イワタニ,キクオ,Iwatani,Kikuo,M,0174578313,kikuo72245@bucwvqfosl.ip,1980/11/05,45099184
上野,龍也,アガノ,タツヤ,Agano,Tatsuya,M,061473193,tatsuya97917@syoskllasb.sau,1985/04/24,08737446
前原,敏雄,マエハラ,トシオ,Maehara,Toshio,M,0453205161,toshio_maehara@lprclargp.mpu,1995/05/19,85816703
川名,義郎,カワナ,ヨシロウ,Kawana,Yoshirou,M,0296662411,yoshiroukawana@iedidkcg.yhg,1992/04/13,22630342
川添,乃亜,カワゾエ,ノア,Kawazoe,Noa,F,0264827007,noa_kawazoe@dirjl.yywtt.ple,1989/11/12,57286785
関根,七郎,セキネ,シチロウ,Sekine,Shichirou,M,0545823013,shichirou2707@lshmttdpak.fpe,1976/07/30,01841451
澤田,銀蔵,サワダ,ギンゾウ,Sawada,Ginzou,M,0853784056,ginzou4871@hlvmvk.tut,1976/02/11,56535437
古屋,菊男,フルヤ,キクオ,Furuya,Kikuo,M,0243546483,kikuo5168@wphs.xsn,1994/09/12,54239670
河合,清司,カワイ,キヨシ,Kawai,Kiyoshi,M,0749903026,kiyoshikawai@zyxtrc.gld.txw,1970/06/19,67861249
大橋,寛子,オオハシ,ヒロコ,Oohashi,Hiroko,F,0854335249,hiroko216@rfxvqqw.lvog.nfu,1995/03/09,85111126
中山,幸作,ナカヤマ,コウサク,Nakayama,Kousaku,M,0740637578,kousaku39437@hlisghycb.wc.btz,1982/04/04,14436608
陳,一也,チン,カズヤ,Chin,Kazuya,M,0884158179,achin@hhgikqs.vsy,1993/09/05,94532131
大場,充,オオバ,ミツル,Ooba,Mitsuru,M,0979777144,uooba@giewfa.hhw,1984/03/03,24270864
大江,幸吉,オオエ,コウキチ,Ooe,Koukichi,M,062713408,koukichiooe@gqus.tt,1975/12/01,64053619
黒川,正俊,クロカワ,マサトシ,Kurokawa,Masatoshi,M,0457563214,masatoshi350@jhvncq.kgkm.lgo,1978/06/21,89417651
小菅,澄江,コスゲ,スミエ,Kosuge,Sumie,F,0565193793,sumie89413@uwyscepoor.hcc,1977/03/01,16888773
目黒,時雄,メグロ,トキオ,Meguro,Tokio,M,0747123962,iprbwftwe=iotokio798@ibccfv.zl.kon,1993/02/19,82442905
平尾,朗,ヒラオ,アキラ,Hirao,Akira,M,0761246050,uobrx-akira24567@ifznswx.if,1976/11/29,58141582
赤松,真琴,アカマツ,マコト,Akamatsu,Makoto,F,0763039335,makotoakamatsu@hsgjrzvwr.wloy.vmj,1987/12/08,02021843
藤本,一久,フジモト,カズヒサ,Fujimoto,Kazuhisa,M,0178646839,Kazuhisa_Fujimoto@qxkfp.htl,1987/10/08,78916281
川嶋,岩男,カワシマ,イワオ,Kawashima,Iwao,M,0286324409,iwao98760@tikbxa.ejz,1964/12/09,05615524
及川,悦夫,オイカワ,エツオ,Oikawa,Etsuo,M,073287621,Etsuo_Oikawa@aizvyjl.ddt,1985/12/25,00496413
梶原,繁夫,カジワラ,シゲオ,Kajiwara,Shigeo,M,0266268775,shigeo197@gcehcyql.evm,1991/09/19,71528989
丹野,勝,タンノ,マサル,Tamno,Masaru,M,0340189819,utamno@ipcxntvq.tyd,1970/01/19,94029532
国分,学,コクブ,マナブ,Kokubu,Manabu,M,0857146134,manabu574@wkzjijwfpe.ylqnk.iu,1983/05/08,72971415
小野,和馬,オノ,カズマ,Ono,Kazuma,M,019585156,kazuma540@qrmr.kn,1970/02/26,64632204
村上,凛子,ムラカミ,リンコ,Murakami,Rinko,F,09233338,rinko_murakami@njyphvkrqb.sp,1983/02/19,26447676
谷口,美和,タニグチ,ミワ,Taniguchi,Miwa,F,0255563339,miwataniguchi@ncso.mjw,1982/04/29,06680890
上田,莉音,ウエダ,リオン,Ueda,Rion,F,0923775219,rion01852@pdyc.ewpbq.rf,1968/06/29,17380564
村山,忠義,ムラヤマ,タダヨシ,Murayama,Tadayoshi,M,0451648994,tadayoshi27179@jiohveqi.cgy,1990/07/14,99681037
石黒,雄大,イシグロ,ユダイ,Ishiguro,Yudai,M,0438960537,yudai62470@uxsnapwn.cx,1983/05/07,41224761
古賀,喜久男,コガ,キクオ,Koga,Kikuo,M,0729055121,kikuo678@wwjon.mjl.emf,1978/02/17,76929699
深沢,一路,フカザワ,カズミチ,Fukazawa,Kazumichi,M,0540364779,kazumichi_fukazawa@ehwq.plg,1962/06/07,06842631
榊原,英男,サカキバラ,ヒデオ,Sakakibara,Hideo,M,0969938339,osakakibara@iwkwzb.oy,1971/11/08,22295312
石橋,泰男,イシバシ,ヤスオ,Ishibashi,Yasuo,M,0944756998,oishibashi@zjoopj.joh.bj,1964/11/02,08245401
